pid,time,errors
56729931752887944654253983168232795393,0.1989126205444336,['No query; returned instructions']
259506502829417169731293946845830114928,0.01861095428466797,['No query; returned instructions']
